{"cameraMode":{"drawMode":0,"name":"Shaded","section":"Shading Mode"},"sceneLighting":true,"audioPlay":false,"sceneViewState":{"showFog":true,"showMaterialUpdate":false,"showSkybox":true,"showFlares":true,"showImageEffects":true,"showParticleSystems":true,"showVisualEffectGraphs":true,"m_FxEnabled":true},"in2DMode":false,"pivot":{"x":0.4344366788864136,"y":-3.8396759033203127,"z":1.0956792831420899},"rotation":{"x":-0.5310295224189758,"y":0.0033069918863475324,"z":-0.0020621814765036108,"w":-0.8473631739616394},"size":10.000636100769043,"orthographic":false}